edge_id;node_from;node_to;max_speed_dir_malles;max_speed_dir_merano;length;gradient;scenario;edge_type
ME-Dev_ME_01;ME;Dev_ME_01;30;60;0,317;4,07;base;straight
Dev_ME_01-Pa_ME;Dev_ME_01;Pa_ME;30;60;0,255;19,29;base;straight
Pa_ME-SC_ME;Pa_ME;SC_ME;60;60;0,064;19,22;base;straight
SC_ME-Pr_ME_LT;SC_ME;Pr_ME_LT;70;70;0,13;19,31;base;straight
Pr_ME_LT-Pr_E_LAG_01;Pr_ME_LT;Pr_E_LAG_01;70;70;0,481;19,27;base;straight
Pr_E_LAG_01-Pa_LAG_31;Pr_E_LAG_01;Pa_LAG_31;70;70;0,155;19,29;base;straight
Pa_LAG_31-LAG;Pa_LAG_31;LAG;70;70;0,115;2,52;base;straight
LAG-Pa_LAG_32;LAG;Pa_LAG_32;70;70;0,075;0;base;straight
Pa_LAG_32-Dev_LAG_02;Pa_LAG_32;Dev_LAG_02;70;70;0,05;0;base;straight
Dev_LAG_02-Pr_E_LAG_02;Dev_LAG_02;Pr_E_LAG_02;70;70;0,1;17,93;base;straight
Pr_E_LAG_02-Pr_E_MAR_01;Pr_E_LAG_02;Pr_E_MAR_01;70;70;1,13;21,5;base;straight
Pr_E_MAR_01-Pr_I_MAR_91;Pr_E_MAR_01;Pr_I_MAR_91;70;70;0,1;21,5;base;straight
Pr_I_MAR_91-PL04;Pr_I_MAR_91;PL04;70;70;0,026;21,54;base;straight
PL04-Pa_E_MAR_81;PL04;Pa_E_MAR_81;70;70;0,024;21,25;base;straight
Pa_E_MAR_81-Pr_I_MAR_71;Pa_E_MAR_81;Pr_I_MAR_71;70;70;0,16;21,5;base;straight
Pr_I_MAR_71-PL05;Pr_I_MAR_71;PL05;70;70;0,023;21,3;base;straight
PL05-Pa_I_MAR_61;PL05;Pa_I_MAR_61;70;70;0,021;21,9;base;straight
Pa_I_MAR_61-Pr_I_MAR_51;Pa_I_MAR_61;Pr_I_MAR_51;70;70;0,059;21,36;base;straight
Pr_I_MAR_51-Dev_MAR_01;Pr_I_MAR_51;Dev_MAR_01;70;70;0,05;21,6;base;straight
Dev_MAR_01-Pa_I_MAR_31;Dev_MAR_01;Pa_I_MAR_31;70;70;0,078;21,54;base;straight
Pa_I_MAR_31-MAR;Pa_I_MAR_31;MAR;70;70;0,153;21,44;base;straight
MAR-Pa_I_MAR_32;MAR;Pa_I_MAR_32;70;70;0,081;21,6;base;straight
Pa_I_MAR_32-Dev_MAR_02;Pa_I_MAR_32;Dev_MAR_02;70;70;0,092;21,41;base;straight
Dev_MAR_02-PL06;Dev_MAR_02;PL06;70;70;0,014;21,43;base;straight
PL06-Pr_I_MAR_52;PL06;Pr_I_MAR_52;70;70;0,031;2,9;base;straight
Pr_I_MAR_52-Pa_E_MAR_62;Pr_I_MAR_52;Pa_E_MAR_62;70;70;0,192;0;base;straight
Pa_E_MAR_62-PL06bis;Pa_E_MAR_62;PL06bis;70;70;0,023;0;base;straight
PL06bis-Pr_I_MAR_72;PL06bis;Pr_I_MAR_72;70;70;0,023;0;base;straight
Pr_I_MAR_72-Pr_E_MAR_02;Pr_I_MAR_72;Pr_E_MAR_02;70;70;0,104;0;base;straight
Pr_E_MAR_02-IG_MAR;Pr_E_MAR_02;IG_MAR;70;70;0,185;6,97;base;straight
IG_MAR-SG_MAR;IG_MAR;SG_MAR;70;70;0,598;23,85;base;straight
SG_MAR-HD_201_02;SG_MAR;HD_201_02;70;70;0,217;23,87;base;straight
HD_201_02-HD_201_04;HD_201_02;HD_201_04;70;70;1;23,85;base;straight
HD_201_04-HD_201_06;HD_201_04;HD_201_06;70;70;1;23,85;base;straight
HD_201_06-IG_GIU;HD_201_06;IG_GIU;70;70;0;0;base;straight
IG_GIU-SG_GIU;IG_GIU;SG_GIU;70;70;0,981;23,84;base;straight
SG_GIU-HD_201_08;SG_GIU;HD_201_08;70;70;0,019;23,68;base;straight
HD_201_08-IG_ART;HD_201_08;IG_ART;70;70;0,043;23,95;base;straight
IG_ART-SG_ART;IG_ART;SG_ART;70;70;0,08;23,87;base;straight
SG_ART-IG_TEL;SG_ART;IG_TEL;70;70;0,359;23,84;base;straight
IG_TEL-HD_201_10;IG_TEL;HD_201_10;70;70;0,518;23,84;base;straight
HD_201_10-SG_TEL;HD_201_10;SG_TEL;70;70;0,166;23,86;base;straight
SG_TEL-Pr_E_TEL_01;SG_TEL;Pr_E_TEL_01;70;70;0,451;22,75;base;straight
Pr_E_TEL_01-Pr_I_TEL_91;Pr_E_TEL_01;Pr_I_TEL_91;70;70;0,122;22,7;base;straight
Pr_I_TEL_91-PL07;Pr_I_TEL_91;PL07;70;70;0,033;22,42;base;straight
PL07-Pa_E_TEL_61;PL07;Pa_E_TEL_61;70;70;0,015;22,67;base;straight
Pa_E_TEL_61-Pr_I_TEL_71;Pa_E_TEL_61;Pr_I_TEL_71;70;70;0,161;22,73;base;straight
Pr_I_TEL_71-Dev_TEL_01;Pr_I_TEL_71;Dev_TEL_01;70;70;0,05;22,6;base;straight
Dev_TEL_01-Pa_I_TEL_31b;Dev_TEL_01;Pa_I_TEL_31b;70;70;0,076;14,21;base;straight
Pa_I_TEL_31b-Pr_I_TEL_51;Pa_I_TEL_31b;Pr_I_TEL_51;70;70;0,103;2,04;base;straight
Pr_I_TEL_51-Pa_I_TEL_31a;Pr_I_TEL_51;Pa_I_TEL_31a;70;70;0,042;1,9;base;straight
Pa_I_TEL_31a-TEL;Pa_I_TEL_31a;TEL;70;70;0,074;2,03;base;straight
TEL-Pa_I_TEL_32;TEL;Pa_I_TEL_32;70;70;0,125;2;base;straight
Pa_I_TEL_32-Dev_TEL_02;Pa_I_TEL_32;Dev_TEL_02;70;70;0,086;1,98;base;straight
Dev_TEL_02-Pr_I_TEL_52;Dev_TEL_02;Pr_I_TEL_52;130;130;0,069;2,61;base;straight
Pr_I_TEL_52-Pa_E_TEL_62;Pr_I_TEL_52;Pa_E_TEL_62;130;130;0,151;3,18;base;straight
Pa_E_TEL_62-Pr_E_TEL_02;Pa_E_TEL_62;Pr_E_TEL_02;130;130;0,15;3,27;base;straight
Pr_E_TEL_02-Pr_E_RAB_01;Pr_E_TEL_02;Pr_E_RAB_01;130;130;0,52;3,23;base;straight
Pr_E_RAB_01-Pr_I_RAB_51;Pr_E_RAB_01;Pr_I_RAB_51;130;130;0,102;2,45;base;straight
Pr_I_RAB_51-PL08;Pr_I_RAB_51;PL08;130;130;0,025;0;base;straight
PL08-Pa_I_RAB_31;PL08;Pa_I_RAB_31;130;130;0,023;0;base;straight
Pa_I_RAB_31-RAB;Pa_I_RAB_31;RAB;130;130;0,029;0;base;straight
RAB-Pa_RAB_32;RAB;Pa_RAB_32;130;130;0,119;0,42;base;straight
Pa_RAB_32-Pr_E_RAB_02;Pa_RAB_32;Pr_E_RAB_02;130;130;0,15;2,87;base;straight
Pr_E_RAB_02-HD_302_02;Pr_E_RAB_02;HD_302_02;130;130;1;2,87;base;straight
HD_302_02-Pr_E_PLA_01;HD_302_02;Pr_E_PLA_01;130;130;0,763;2,87;base;straight
Pr_E_PLA_01-Dev_01_PLA;Pr_E_PLA_01;Dev_01_PLA;130;130;0,1;2,87;base;straight
Dev_01_PLA-Pa_PLA_31;Dev_01_PLA;Pa_PLA_31;130;130;0,05;2,87;base;straight
Pa_PLA_31-PLA;Pa_PLA_31;PLA;130;130;0,11;0,27;base;straight
PLA-Pa_PLA_32;PLA;Pa_PLA_32;130;130;0,038;0;base;straight
Pa_PLA_32-PL09;Pa_PLA_32;PL09;130;130;0,024;0;base;straight
PL09-Pr_I_PLA_52;PL09;Pr_I_PLA_52;130;130;0,025;0;base;straight
Pr_I_PLA_52-Pr_E_PLA_02;Pr_I_PLA_52;Pr_E_PLA_02;130;130;0,1;3,7;base;straight
Pr_E_PLA_02-HD_303_02;Pr_E_PLA_02;HD_303_02;130;130;1;4,21;base;straight
HD_303_02-HD_303_04;HD_303_02;HD_303_04;130;130;1;4,21;base;straight
HD_303_04-km48500;HD_303_04;km48500;130;130;0,839;4,22;base;straight
km48500-Pr_E_NAT_01;km48500;Pr_E_NAT_01;70;70;0,041;4,15;base;straight
Pr_E_NAT_01-Pr_I_NAT_51;Pr_E_NAT_01;Pr_I_NAT_51;70;70;0,09;4,22;base;straight
Pr_I_NAT_51-PL10;Pr_I_NAT_51;PL10;70;70;0,03;4;base;straight
PL10-Pa_NAT_31;PL10;Pa_NAT_31;70;70;0,03;0;base;straight
Pa_NAT_31-NAT;Pa_NAT_31;NAT;70;70;0,069;0;base;straight
NAT-Pa_NAT_32;NAT;Pa_NAT_32;70;70;0,092;0;base;straight
Pa_NAT_32-Pr_E_NAT_02;Pa_NAT_32;Pr_E_NAT_02;70;70;0,149;5,64;base;straight
Pr_E_NAT_02-Pr_E_PL11_01;Pr_E_NAT_02;Pr_E_PL11_01;70;70;0,587;5,96;base;straight
Pr_E_PL11_01-Pr_I_PL11_51;Pr_E_PL11_01;Pr_I_PL11_51;70;70;0,101;5,94;base;straight
Pr_I_PL11_51-PL11;Pr_I_PL11_51;PL11;70;70;0,026;6,15;base;straight
PL11-Pr_I_PL11_52;PL11;Pr_I_PL11_52;70;70;0,023;6,09;base;straight
Pr_I_PL11_52-Dev_PL11_02;Pr_I_PL11_52;Dev_PL11_02;70;70;0,023;6,09;base;straight
Dev_PL11_02-Pr_E_PL11_02;Dev_PL11_02;Pr_E_PL11_02;70;70;0,023;6,09;base;straight
Pr_E_PL11_02-SblNatKomp;Pr_E_PL11_02;SblNatKomp;70;70;0,041;8,29;base;straight
SblNatKomp-Pr_E_STA_01;SblNatKomp;Pr_E_STA_01;70;70;0,834;12,89;base;straight
Pr_E_STA_01-Pa_E_STA_61;Pr_E_STA_01;Pa_E_STA_61;70;70;0,15;12,87;base;straight
Pa_E_STA_61-Pr_I_STA_51;Pa_E_STA_61;Pr_I_STA_51;70;70;0,142;12,89;base;straight
Pr_I_STA_51-Dev_STA_01;Pr_I_STA_51;Dev_STA_01;70;70;0,05;6,2;base;straight
Dev_STA_01-Pa_I_STA_31;Dev_STA_01;Pa_I_STA_31;70;70;0,11;0;base;straight
Pa_I_STA_31-STA;Pa_I_STA_31;STA;70;70;0,114;0;base;straight
STA-Pa_I_STA_32;STA;Pa_I_STA_32;70;70;0,066;0;base;straight
Pa_I_STA_32-Dev_STA_02;Pa_I_STA_32;Dev_STA_02;70;70;0,086;0;base;straight
Dev_STA_02-Pr_I_STA_52;Dev_STA_02;Pr_I_STA_52;70;70;0,05;0;base;straight
Pr_I_STA_52-Pa_E_STA_62;Pr_I_STA_52;Pa_E_STA_62;70;70;0,276;0;base;straight
Pa_E_STA_62-PL12;Pa_E_STA_62;PL12;70;70;0,023;0;base;straight
PL12-Pr_I_STA_72;PL12;Pr_I_STA_72;70;70;0,027;0;base;straight
Pr_I_STA_72-Pr_E_STA_02;Pr_I_STA_72;Pr_E_STA_02;70;70;0,101;0,89;base;straight
Pr_E_STA_02-km52000;Pr_E_STA_02;km52000;70;70;0,091;3,3;base;straight
km52000-Dev_PL13_01;km52000;Dev_PL13_01;130;130;0,912;3,28;base;straight
Dev_PL13_01-Pr_E_PL13_01;Dev_PL13_01;Pr_E_PL13_01;130;130;0,05;3,28;base;straight
Pr_E_PL13_01-SblStab21529;Pr_E_PL13_01;SblStab21529;130;130;0,05;3,4;base;straight
SblStab21529-Pr_I_PL13_51;SblStab21529;Pr_I_PL13_51;130;130;0,053;3,21;base;straight
Pr_I_PL13_51-PL13;Pr_I_PL13_51;PL13;130;130;0,024;3,33;base;straight
PL13-Pr_I_PL13_52;PL13;Pr_I_PL13_52;130;130;0,024;3,33;base;straight
Pr_I_PL13_52-Pr_E_PL13_02;Pr_I_PL13_52;Pr_E_PL13_02;130;130;0,103;3,3;base;straight
Pr_E_PL13_02-Pr_E_CIA_01;Pr_E_PL13_02;Pr_E_CIA_01;130;130;0,574;3,28;base;straight
Pr_E_CIA_01-Pa_CIA_31;Pr_E_CIA_01;Pa_CIA_31;130;130;0,15;3,27;base;straight
Pa_CIA_31-CIA;Pa_CIA_31;CIA;130;130;0,121;1,98;base;straight
CIA-Pa_CIA_32;CIA;Pa_CIA_32;130;130;0,027;0;base;straight
Pa_CIA_32-PL14;Pa_CIA_32;PL14;130;130;0,024;0;base;straight
PL14-Pr_I_CIA_62;PL14;Pr_I_CIA_62;130;130;0,024;0;base;straight
Pr_I_CIA_62-Pr_E_CIA_02;Pr_I_CIA_62;Pr_E_CIA_02;130;130;0,103;2,04;base;straight
Pr_E_CIA_02-HD_403_02;Pr_E_CIA_02;HD_403_02;130;130;1;7,87;base;straight
HD_403_02-km55900;HD_403_02;km55900;130;130;0,661;7,87;base;straight
km55900-SblStab24529;km55900;SblStab24529;120;120;0,112;7,86;base;straight
SblStab24529-Pr_E_PL15_01;SblStab24529;Pr_E_PL15_01;120;120;0,096;7,92;base;straight
Pr_E_PL15_01-Dev_PL15_01;Pr_E_PL15_01;Dev_PL15_01;120;120;0,1;7,88;base;straight
Dev_PL15_01-Pr_I_PL15_51;Dev_PL15_01;Pr_I_PL15_51;120;120;0,004;7,88;base;straight
Pr_I_PL15_51-PL15;Pr_I_PL15_51;PL15;120;120;0,023;7,83;base;straight
PL15-Pr_I_PL15_52;PL15;Pr_I_PL15_52;120;120;0,023;7,83;base;straight
Pr_I_PL15_52-Pr_E_PL15_02;Pr_I_PL15_52;Pr_E_PL15_02;120;120;0,104;7,88;base;straight
Pr_E_PL15_02-km57000;Pr_E_PL15_02;km57000;120;120;0,638;7,87;base;straight
km57000-Pr_E_CAB_01;km57000;Pr_E_CAB_01;65;65;0,352;7,87;base;straight
Pr_E_CAB_01-Pr_I_CAB_71;Pr_E_CAB_01;Pr_I_CAB_71;65;65;0,099;7,88;base;straight
Pr_I_CAB_71-PL16;Pr_I_CAB_71;PL16;65;65;0,027;7,78;base;straight
PL16-Pa_E_CAB_61;PL16;Pa_E_CAB_61;65;65;0,024;7,92;base;straight
Pa_E_CAB_61-Pr_I_CAB_51;Pa_E_CAB_61;Pr_I_CAB_51;65;65;0,043;2,56;base;straight
Pr_I_CAB_51-PL17;Pr_I_CAB_51;PL17;65;65;0,025;0;base;straight
PL17-Pa_I_CAB_31;PL17;Pa_I_CAB_31;65;65;0,025;0;base;straight
Pa_I_CAB_31-CAB;Pa_I_CAB_31;CAB;65;65;0,021;0;base;straight
CAB-Pa_CAB_32;CAB;Pa_CAB_32;65;65;0,129;3,88;base;straight
Pa_CAB_32-Pr_E_CAB_02;Pa_CAB_32;Pr_E_CAB_02;65;65;0,15;17,13;base;straight
Pr_E_CAB_02-HD_405_02;Pr_E_CAB_02;HD_405_02;65;65;1,082;17,18;base;straight
HD_405_02-km60000;HD_405_02;km60000;65;65;1,023;17,17;base;straight
km60000-Pr_E_LAC_01;km60000;Pr_E_LAC_01;70;70;0,141;17,16;base;straight
Pr_E_LAC_01-PL18;Pr_E_LAC_01;PL18;70;70;0,124;17,18;base;straight
PL18-Pr_I_LAC_71;PL18;Pr_I_LAC_71;70;70;0,002;20;base;straight
Pr_I_LAC_71-Pa_E_LAC_61;Pr_I_LAC_71;Pa_E_LAC_61;70;70;0,024;17,08;base;straight
Pa_E_LAC_61-Pr_I_LAC_51;Pa_E_LAC_61;Pr_I_LAC_51;70;70;0,225;7,87;base;straight
Pr_I_LAC_51-Dev_LAC_01;Pr_I_LAC_51;Dev_LAC_01;70;70;0,05;0;base;straight
Dev_LAC_01-Pa_I_LAC_31;Dev_LAC_01;Pa_I_LAC_31;70;70;0,118;0;base;straight
Pa_I_LAC_31-LAC;Pa_I_LAC_31;LAC;70;70;0,06;0;base;straight
LAC-Pa_I_LAC_32;LAC;Pa_I_LAC_32;70;70;0,103;0;base;straight
Pa_I_LAC_32-Dev_LAC_02;Pa_I_LAC_32;Dev_LAC_02;70;70;0,116;6,29;base;straight
Dev_LAC_02-Pr_I_LAC_52;Dev_LAC_02;Pr_I_LAC_52;70;70;0,05;10,6;base;straight
Pr_I_LAC_52-Pa_E_LAC_62;Pr_I_LAC_52;Pa_E_LAC_62;70;70;0,48;10,54;base;straight
Pa_E_LAC_62-PL19;Pa_E_LAC_62;PL19;70;70;0,021;10,48;base;straight
PL19-Pr_I_LAC_72;PL19;Pr_I_LAC_72;70;70;0,024;10,83;base;straight
Pr_I_LAC_72-Pr_E_LAC_02;Pr_I_LAC_72;Pr_E_LAC_02;70;70;0,105;10,48;base;straight
Pr_E_LAC_02-SblLac31026;Pr_E_LAC_02;SblLac31026;70;70;0,866;10,55;base;straight
SblLac31026-HD_501_02;SblLac31026;HD_501_02;70;70;0,134;10,6;base;straight
HD_501_02-Pr_E_COLD_01;HD_501_02;Pr_E_COLD_01;70;70;0,854;10,55;base;straight
Pr_E_COLD_01-Pr_I_COLD_91;Pr_E_COLD_01;Pr_I_COLD_91;70;70;0,07;10,57;base;straight
Pr_I_COLD_91-PL20;Pr_I_COLD_91;PL20;70;70;0,026;10,38;base;straight
PL20-Pa_COLD_31;PL20;Pa_COLD_31;70;70;0,026;10,38;base;straight
Pa_COLD_31-Dev_COLD_01;Pa_COLD_31;Dev_COLD_01;70;70;0,064;5,76;base;straight
Dev_COLD_01-COLD;Dev_COLD_01;COLD;70;70;0,153;5,76;base;straight
COLD-Pa_I_COLD_71;COLD;Pa_I_COLD_71;70;70;0,52;13,29;base;straight
Pa_I_COLD_71-PL21;Pa_I_COLD_71;PL21;70;70;0,028;16,43;base;straight
PL21-Pr_I_COLD_52;PL21;Pr_I_COLD_52;70;70;0,03;16,67;base;straight
Pr_I_COLD_52-Pa_E_COLD_51;Pr_I_COLD_52;Pa_E_COLD_51;70;70;0,325;16,49;base;straight
Pa_E_COLD_51-PL22;Pa_E_COLD_51;PL22;70;70;0,023;16,52;base;straight
PL22-Pr_I_COLD_72;PL22;Pr_I_COLD_72;70;70;0,023;16,09;base;straight
Pr_I_COLD_72-Pr_E_COLD_02;Pr_I_COLD_72;Pr_E_COLD_02;70;70;0,104;16,54;base;straight
Pr_E_COLD_02-Pr_E_PL23_01;Pr_E_COLD_02;Pr_E_PL23_01;70;70;0,95;16,49;base;straight
Pr_E_PL23_01-Pr_I_PL23_51;Pr_E_PL23_01;Pr_I_PL23_51;70;70;0,103;16,41;base;straight
Pr_I_PL23_51-PL23;Pr_I_PL23_51;PL23;70;70;0,024;16,67;base;straight
PL23-Pr_I_PL23_52;PL23;Pr_I_PL23_52;70;70;0,024;16,67;base;straight
Pr_I_PL23_52-Pr_E_PL23_02;Pr_I_PL23_52;Pr_E_PL23_02;70;70;0,102;16,47;base;straight
Pr_E_PL23_02-SblLac35026;Pr_E_PL23_02;SblLac35026;70;70;0,417;16,5;base;straight
SblLac35026-Pr_E_PL24_01;SblLac35026;Pr_E_PL24_01;70;70;0,014;16,43;base;straight
Pr_E_PL24_01-Dev_PL24_01;Pr_E_PL24_01;Dev_PL24_01;70;70;0,054;16,44;base;straight
Dev_PL24_01-Pr_I_PL24_51;Dev_PL24_01;Pr_I_PL24_51;70;70;0,05;16,44;base;straight
Pr_I_PL24_51-PL24;Pr_I_PL24_51;PL24;70;70;0,023;16,52;base;straight
PL24-Pr_I_PL24_52;PL24;Pr_I_PL24_52;70;70;0,024;16,67;base;straight
Pr_I_PL24_52-Pr_E_PL24_02;Pr_I_PL24_52;Pr_E_PL24_02;70;70;0,103;16,41;base;straight
Pr_E_PL24_02-HD_504_02;Pr_E_PL24_02;HD_504_02;70;70;1;16,5;base;straight
HD_504_02-Pr_E_SIL_01;HD_504_02;Pr_E_SIL_01;70;70;0,533;16,49;base;straight
Pr_E_SIL_01-PL25;Pr_E_SIL_01;PL25;70;70;0,116;16,47;base;straight
PL25-Pr_I_SIL_91;PL25;Pr_I_SIL_91;70;70;0,014;16,43;base;straight
Pr_I_SIL_91-Pa_E_SIL_81;Pr_I_SIL_91;Pa_E_SIL_81;70;70;0,024;16,67;base;straight
Pa_E_SIL_81-km68500;Pa_E_SIL_81;km68500;70;70;0,036;16,39;base;straight
km68500-km68650;km68500;km68650;60;60;0,15;16,47;base;straight
km68650-IG_GEO;km68650;IG_GEO;70;70;0,212;16,51;base;straight
IG_GEO-Pr_I_SIL_71;IG_GEO;Pr_I_SIL_71;70;70;0,094;5,43;base;straight
Pr_I_SIL_71-SG_GEO;Pr_I_SIL_71;SG_GEO;70;70;0,048;3,96;base;straight
SG_GEO-Dev_SIL_05;SG_GEO;Dev_SIL_05;70;70;0,051;1,57;base;straight
Dev_SIL_05-Pa_I_SIL_31;Dev_SIL_05;Pa_I_SIL_31;70;70;0,11;0;base;straight
Pa_I_SIL_31-SIL;Pa_I_SIL_31;SIL;70;70;0,11;0;base;straight
SIL-Pa_I_SIL_32;SIL;Pa_I_SIL_32;70;70;0,068;0;base;straight
Pa_I_SIL_32-Dev_SIL_02;Pa_I_SIL_32;Dev_SIL_02;70;70;0,079;0;base;straight
Dev_SIL_02-Pr_I_SIL_52;Dev_SIL_02;Pr_I_SIL_52;70;70;0,05;0;base;straight
Pr_I_SIL_52-Pa_E_SIL_62;Pr_I_SIL_52;Pa_E_SIL_62;70;70;0,14;16,71;base;straight
Pa_E_SIL_62-Pr_E_SIL_02;Pa_E_SIL_62;Pr_E_SIL_02;70;70;0,15;26,93;base;straight
Pr_E_SIL_02-km70200;Pr_E_SIL_02;km70200;100;100;0,438;26,94;base;straight
km70200-HD_601_02;km70200;HD_601_02;100;100;0,562;26,92;base;straight
HD_601_02-HD_601_04;HD_601_02;HD_601_04;100;100;1;26,93;base;straight
HD_601_04-HD_601_06;HD_601_04;HD_601_06;100;100;1;26,93;base;straight
HD_601_06-HD_601_08;HD_601_06;HD_601_08;100;100;1;26,93;base;straight
HD_601_08-HD_601_10;HD_601_08;HD_601_10;100;100;1;6,61;base;straight
HD_601_10-km75800;HD_601_10;km75800;100;100;1,038;0,9;base;straight
km75800-Pr_E_LASA_01;km75800;Pr_E_LASA_01;70;70;0,07;1;base;straight
Pr_E_LASA_01-Pr_I_LASA_91;Pr_E_LASA_01;Pr_I_LASA_91;70;70;0,101;0,89;base;straight
Pr_I_LASA_91-PL27;Pr_I_LASA_91;PL27;70;70;0,025;0,8;base;straight
PL27-Pa_E_LASA_81;PL27;Pa_E_LASA_81;70;70;0,025;0,8;base;straight
Pa_E_LASA_81-Pr_I_LASA_71;Pa_E_LASA_81;Pr_I_LASA_71;70;70;0,186;0,86;base;straight
Pr_I_LASA_71-PL28;Pr_I_LASA_71;PL28;70;70;0,028;0;base;straight
PL28-Pa_I_LASA_61;PL28;Pa_I_LASA_61;70;70;0,023;0;base;straight
Pa_I_LASA_61-Pr_I_LASA_51;Pa_I_LASA_61;Pr_I_LASA_51;70;70;0,034;0;base;straight
Pr_I_LASA_51-Dev_LASA_01;Pr_I_LASA_51;Dev_LASA_01;70;70;0,02;0;base;straight
Dev_LASA_01-Pa_I_LASA_31;Dev_LASA_01;Pa_I_LASA_31;70;70;0,116;0;base;straight
Pa_I_LASA_31-LASA;Pa_I_LASA_31;LASA;70;70;0,017;0;base;straight
LASA-Pa_I_LASA_32;LASA;Pa_I_LASA_32;70;70;0,14;0;base;straight
Pa_I_LASA_32-Dev_LASA_02;Pa_I_LASA_32;Dev_LASA_02;70;70;0,086;0;base;straight
Dev_LASA_02-Pr_I_LASA_52;Dev_LASA_02;Pr_I_LASA_52;100;100;0,05;1,2;base;straight
Pr_I_LASA_52-Pa_I_LASA_62;Pr_I_LASA_52;Pa_I_LASA_62;100;100;0,071;2,11;base;straight
Pa_I_LASA_62-PL29;Pa_I_LASA_62;PL29;100;100;0,026;2,31;base;straight
PL29-Pr_I_LASA_72;PL29;Pr_I_LASA_72;100;100;0,047;2,13;base;straight
Pr_I_LASA_72-Pa_E_LASA_82;Pr_I_LASA_72;Pa_E_LASA_82;100;100;0,117;2,14;base;straight
Pa_E_LASA_82-Pr_E_LASA_02;Pa_E_LASA_82;Pr_E_LASA_02;100;100;0,151;2,12;base;straight
Pr_E_LASA_02-HD_701_01;Pr_E_LASA_02;HD_701_01;100;100;1;2,16;base;straight
HD_701_01-SblLasa46915;HD_701_01;SblLasa46915;100;100;0,265;2,15;base;straight
SblLasa46915-HD_701_03;SblLasa46915;HD_701_03;100;100;0,735;2,16;base;straight
HD_701_03-Pr_E_ORIS_01;HD_701_03;Pr_E_ORIS_01;100;100;1,198;2,15;base;straight
Pr_E_ORIS_01-Dev_ORIS_01;Pr_E_ORIS_01;Dev_ORIS_01;100;100;0,071;1,58;base;straight
Dev_ORIS_01-Pr_I_ORIS_71;Dev_ORIS_01;Pr_I_ORIS_71;100;100;0,03;1,58;base;straight
Pr_I_ORIS_71-PL30;Pr_I_ORIS_71;PL30;100;100;0,024;0;base;straight
PL30-Pa_ORIS_31;PL30;Pa_ORIS_31;100;100;0,025;0;base;straight
Pa_ORIS_31-ORIS;Pa_ORIS_31;ORIS;100;100;0,022;0;base;straight
ORIS-Pa_ORIS_32;ORIS;Pa_ORIS_32;100;100;0,127;0,94;base;straight
Pa_ORIS_32-Pr_E_ORIS_02;Pa_ORIS_32;Pr_E_ORIS_02;100;100;0,15;4,4;base;straight
Pr_E_ORIS_02-HD_702_02;Pr_E_ORIS_02;HD_702_02;100;100;1;4,4;base;straight
HD_702_02-Pr_E_SPON_01;HD_702_02;Pr_E_SPON_01;100;100;0,982;4,41;base;straight
Pr_E_SPON_01-Pa_E_SPON_81;Pr_E_SPON_01;Pa_E_SPON_81;100;100;0,172;4,36;base;straight
Pa_E_SPON_81-Pr_I_SPON_71;Pa_E_SPON_81;Pr_I_SPON_71;100;100;0,169;4,38;base;straight
Pr_I_SPON_71-PL31;Pr_I_SPON_71;PL31;100;100;0,024;0;base;straight
PL31-Pr_I_SPON_51;PL31;Pr_I_SPON_51;100;100;0,008;0;base;straight
Pr_I_SPON_51-Pa_I_SPON_61;Pr_I_SPON_51;Pa_I_SPON_61;100;100;0,016;0;base;straight
Pa_I_SPON_61-Dev_SPON_01;Pa_I_SPON_61;Dev_SPON_01;100;100;0,004;0;base;straight
Dev_SPON_01-Pa_I_SPON_31;Dev_SPON_01;Pa_I_SPON_31;100;100;0,117;0;base;straight
Pa_I_SPON_31-SPON;Pa_I_SPON_31;SPON;100;100;0,078;0;base;straight
SPON-Pa_I_SPON_32;SPON;Pa_I_SPON_32;100;100;0,119;0;base;straight
Pa_I_SPON_32-Dev_SPON_02;Pa_I_SPON_32;Dev_SPON_02;100;100;0,075;0;base;straight
Dev_SPON_02-Pr_I_SPON_52;Dev_SPON_02;Pr_I_SPON_52;100;100;0,05;0;base;straight
Pr_I_SPON_52-Pa_E_SPON_62;Pr_I_SPON_52;Pa_E_SPON_62;100;100;0,318;0,35;base;straight
Pa_E_SPON_62-PL32;Pa_E_SPON_62;PL32;100;100;0,025;0,4;base;straight
PL32-Pr_I_SPON_72;PL32;Pr_I_SPON_72;100;100;0,026;0,38;base;straight
Pr_I_SPON_72-Pr_E_SPON_02;Pr_I_SPON_72;Pr_E_SPON_02;100;100;0,1;2,9;base;straight
Pr_E_SPON_02-HD_801_02;Pr_E_SPON_02;HD_801_02;100;100;1;9,4;base;straight
HD_801_02-HD_801_04;HD_801_02;HD_801_04;100;100;1;9,4;base;straight
HD_801_04-SblSpon54860;HD_801_04;SblSpon54860;100;100;0,28;9,39;base;straight
SblSpon54860-km86800;SblSpon54860;km86800;100;100;0,457;9,41;base;straight
km86800-HD_801_06;km86800;HD_801_06;70;70;0,263;9,39;base;straight
HD_801_06-HD_801_07;HD_801_06;HD_801_07;70;70;0,447;9,4;base;straight
HD_801_07-SLU;HD_801_07;SLU;70;70;0,119;1,51;base;straight
SLU-HD_801_08;SLU;HD_801_08;65;65;0,251;14,14;base;straight
HD_801_08-HD_801_10;HD_801_08;HD_801_10;65;65;0,832;23,53;base;straight
HD_801_10-HD_801_12;HD_801_10;HD_801_12;65;65;1;23,54;base;straight
HD_801_12-SblSpon58860;HD_801_12;SblSpon58860;65;65;0,631;23,53;base;straight
SblSpon58860-Pr_E_MAL_01;SblSpon58860;Pr_E_MAL_01;65;65;0,243;23,5;base;straight
Pr_E_MAL_01-Pa_E_MAL_61;Pr_E_MAL_01;Pa_E_MAL_61;65;65;0,151;23,58;base;straight
Pa_E_MAL_61-Pr_I_MAL_51;Pa_E_MAL_61;Pr_I_MAL_51;65;65;0,261;23,52;base;straight
Pr_I_MAL_51-Dev_MAL_05;Pr_I_MAL_51;Dev_MAL_05;65;65;0,118;17,54;base;straight
Dev_MAL_05-Pa_I_MAL_31d;Dev_MAL_05;Pa_I_MAL_31d;65;65;0,088;0;base;straight
Pa_I_MAL_31d-MAL;Pa_I_MAL_31d;MAL;65;65;0,132;0;base;straight
ME_side-Dev_ME_01;ME_side;Dev_ME_01;30;60;0,317;4,07;connecting;connecting
ME_side-Dev_ME_01_side;ME_side;Dev_ME_01_side;30;60;0,317;4,07;dt_me_lag;straight
Dev_ME_01_side-Pa_ME_side;Dev_ME_01_side;Pa_ME_side;30;60;0,255;19,29;dt_me_lag;straight
Pa_ME_side-SC_ME_side;Pa_ME_side;SC_ME_side;60;60;0,064;19,22;dt_me_lag;straight
SC_ME_side-Pr_ME_LT_side;SC_ME_side;Pr_ME_LT_side;70;70;0,13;19,31;dt_me_lag;straight
Pr_ME_LT_side-Pr_E_LAG_01_side;Pr_ME_LT_side;Pr_E_LAG_01_side;70;70;0,481;19,27;dt_me_lag;straight
Pr_E_LAG_01_side-Pa_LAG_31_side;Pr_E_LAG_01_side;Pa_LAG_31_side;70;70;0,155;19,29;dt_me_lag;straight
Pa_LAG_31_side-LAG_side;Pa_LAG_31_side;LAG_side;70;70;0,115;2,52;dt_me_lag;straight
LAG_side-Pa_LAG_32_side;LAG_side;Pa_LAG_32_side;70;70;0,075;0;dt_me_lag;straight
Pa_LAG_32_side-Dev_LAG_02_side;Pa_LAG_32_side;Dev_LAG_02_side;70;70;0,05;17,93;dt_lag_mar;straight
Dev_LAG_02_side-Pr_E_LAG_02_side;Dev_LAG_02_side;Pr_E_LAG_02_side;70;70;0,1;17,93;dt_lag_mar;straight
Pa_LAG_32_side-Dev_LAG_02;Pa_LAG_32_side;Dev_LAG_02;70;70;0,05;17,93;dt_me_lag;connecting
Pr_E_LAG_02_side-Pr_E_MAR_01_side;Pr_E_LAG_02_side;Pr_E_MAR_01_side;70;70;1,13;21,5;dt_lag_mar;straight
Pr_E_MAR_01_side-Pr_I_MAR_91_side;Pr_E_MAR_01_side;Pr_I_MAR_91_side;70;70;0,1;21,5;dt_lag_mar;straight
Pr_I_MAR_91_side-PL04_side;Pr_I_MAR_91_side;PL04_side;70;70;0,026;21,54;dt_lag_mar;straight
PL04_side-Pa_E_MAR_81_side;PL04_side;Pa_E_MAR_81_side;70;70;0,024;21,25;dt_lag_mar;straight
Pa_E_MAR_81_side-Pr_I_MAR_71_side;Pa_E_MAR_81_side;Pr_I_MAR_71_side;70;70;0,16;21,5;dt_lag_mar;straight
Pr_I_MAR_71_side-PL05_side;Pr_I_MAR_71_side;PL05_side;70;70;0,023;21,3;dt_lag_mar;straight
PL05_side-Pa_I_MAR_61_side;PL05_side;Pa_I_MAR_61_side;70;70;0,021;21,9;dt_lag_mar;straight
Pa_I_MAR_61_side-Pr_I_MAR_51_side;Pa_I_MAR_61_side;Pr_I_MAR_51_side;70;70;0,059;21,36;dt_lag_mar;straight
Pr_I_MAR_51_side-Dev_MAR_01_side;Pr_I_MAR_51_side;Dev_MAR_01_side;70;70;0,05;21,6;dt_lag_mar;straight
Dev_MAR_01_side-Pa_I_MAR_31_side;Dev_MAR_01_side;Pa_I_MAR_31_side;70;70;0,078;21,54;dt_lag_mar;straight
Dev_MAR_01-Pa_I_MAR_31_side;Dev_MAR_01;Pa_I_MAR_31_side;70;70;0,078;21,54;existing;connecting
Pa_I_MAR_31_side-MAR_side;Pa_I_MAR_31_side;MAR_side;70;70;0,153;21,44;existing;straight
MAR_side-Pa_I_MAR_32_side;MAR_side;Pa_I_MAR_32_side;70;70;0,081;21,6;existing;straight
Pa_I_MAR_32_side-Dev_MAR_02_side;Pa_I_MAR_32_side;Dev_MAR_02_side;70;70;0,092;21,41;dt_mar_tel;straight
Pa_I_MAR_32_side-Dev_MAR_02;Pa_I_MAR_32_side;Dev_MAR_02;70;70;0,092;21,41;existing;connecting
Dev_MAR_02_side-PL06_side;Dev_MAR_02_side;PL06_side;70;70;0,014;21,43;dt_mar_tel;straight
PL06_side-Pr_I_MAR_52_side;PL06_side;Pr_I_MAR_52_side;70;70;0,031;2,9;dt_mar_tel;straight
Pr_I_MAR_52_side-Pa_E_MAR_62_side;Pr_I_MAR_52_side;Pa_E_MAR_62_side;70;70;0,192;0;dt_mar_tel;straight
Pa_E_MAR_62_side-PL06bis_side;Pa_E_MAR_62_side;PL06bis_side;70;70;0,023;0;dt_mar_tel;straight
PL06bis_side-Pr_I_MAR_72_side;PL06bis_side;Pr_I_MAR_72_side;70;70;0,023;0;dt_mar_tel;straight
Pr_I_MAR_72_side-Pr_E_MAR_02_side;Pr_I_MAR_72_side;Pr_E_MAR_02_side;70;70;0,104;0;dt_mar_tel;straight
Pr_E_MAR_02_side-IG_MAR_side;Pr_E_MAR_02_side;IG_MAR_side;70;70;0,185;6,97;dt_mar_tel;straight
IG_MAR_side-SG_MAR_side;IG_MAR_side;SG_MAR_side;70;70;0,598;23,85;dt_mar_tel;straight
SG_MAR_side-HD_201_02_side;SG_MAR_side;HD_201_02_side;70;70;0,217;23,87;dt_mar_tel;straight
HD_201_02_side-HD_201_04_side;HD_201_02_side;HD_201_04_side;70;70;1;23,85;dt_mar_tel;straight
HD_201_04_side-HD_201_06_side;HD_201_04_side;HD_201_06_side;70;70;1;23,85;dt_mar_tel;straight
HD_201_06_side-IG_GIU_side;HD_201_06_side;IG_GIU_side;70;70;0;0;dt_mar_tel;straight
IG_GIU_side-SG_GIU_side;IG_GIU_side;SG_GIU_side;70;70;0,981;23,84;dt_mar_tel;straight
SG_GIU_side-HD_201_08_side;SG_GIU_side;HD_201_08_side;70;70;0,019;23,68;dt_mar_tel;straight
HD_201_08_side-IG_ART_side;HD_201_08_side;IG_ART_side;70;70;0,043;23,95;dt_mar_tel;straight
IG_ART_side-SG_ART_side;IG_ART_side;SG_ART_side;70;70;0,08;23,87;dt_mar_tel;straight
SG_ART_side-IG_TEL_side;SG_ART_side;IG_TEL_side;70;70;0,359;23,84;dt_mar_tel;straight
IG_TEL_side-HD_201_10_side;IG_TEL_side;HD_201_10_side;70;70;0,518;23,84;dt_mar_tel;straight
HD_201_10_side-SG_TEL_side;HD_201_10_side;SG_TEL_side;70;70;0,166;23,86;dt_mar_tel;straight
SG_TEL_side-Pr_E_TEL_01_side;SG_TEL_side;Pr_E_TEL_01_side;70;70;0,451;22,75;dt_mar_tel;straight
Pr_E_TEL_01_side-Pr_I_TEL_91_side;Pr_E_TEL_01_side;Pr_I_TEL_91_side;70;70;0,122;22,7;dt_mar_tel;straight
Pr_I_TEL_91_side-PL07_side;Pr_I_TEL_91_side;PL07_side;70;70;0,033;22,42;dt_mar_tel;straight
PL07_side-Pa_E_TEL_61_side;PL07_side;Pa_E_TEL_61_side;70;70;0,015;22,67;dt_mar_tel;straight
Pa_E_TEL_61_side-Pr_I_TEL_71_side;Pa_E_TEL_61_side;Pr_I_TEL_71_side;70;70;0,161;22,73;dt_mar_tel;straight
Pr_I_TEL_71_side-Dev_TEL_01_side;Pr_I_TEL_71_side;Dev_TEL_01_side;70;70;0,05;22,6;dt_mar_tel;straight
Dev_TEL_01_side-Pa_I_TEL_31b_side;Dev_TEL_01_side;Pa_I_TEL_31b_side;70;70;0,076;14,21;dt_mar_tel;straight
Dev_TEL_01-Pa_I_TEL_31b_side;Dev_TEL_01;Pa_I_TEL_31b_side;70;70;0,076;14,21;existing;connecting
Pa_I_TEL_31b_side-Pr_I_TEL_51_side;Pa_I_TEL_31b_side;Pr_I_TEL_51_side;70;70;0,103;2,04;existing;straight
Pr_I_TEL_51_side-Pa_I_TEL_31a_side;Pr_I_TEL_51_side;Pa_I_TEL_31a_side;70;70;0,042;1,9;existing;straight
Pa_I_TEL_31a_side-TEL_side;Pa_I_TEL_31a_side;TEL_side;70;70;0,074;2,03;existing;straight
TEL_side-Pa_I_TEL_32_side;TEL_side;Pa_I_TEL_32_side;70;70;0,125;2;existing;straight
Pa_I_TEL_32_side-Dev_TEL_02;Pa_I_TEL_32_side;Dev_TEL_02;70;70;0,086;1,98;connecting;connecting
Pa_I_TEL_32_side-Dev_TEL_02_side;Pa_I_TEL_32_side;Dev_TEL_02_side;70;70;0,086;1,98;dt_tel_pla;straight
Dev_TEL_02_side-Pr_I_TEL_52_side;Dev_TEL_02_side;Pr_I_TEL_52_side;130;130;0,069;2,61;dt_tel_pla;straight
Pr_I_TEL_52_side-Pa_E_TEL_62_side;Pr_I_TEL_52_side;Pa_E_TEL_62_side;130;130;0,151;3,18;dt_tel_pla;straight
Pa_E_TEL_62_side-Pr_E_TEL_02_side;Pa_E_TEL_62_side;Pr_E_TEL_02_side;130;130;0,15;3,27;dt_tel_pla;straight
Pr_E_TEL_02_side-Pr_E_RAB_01_side;Pr_E_TEL_02_side;Pr_E_RAB_01_side;130;130;0,52;3,23;dt_tel_pla;straight
Pr_E_RAB_01_side-Pr_I_RAB_51_side;Pr_E_RAB_01_side;Pr_I_RAB_51_side;130;130;0,102;2,45;dt_tel_pla;straight
Pr_I_RAB_51_side-PL08_side;Pr_I_RAB_51_side;PL08_side;130;130;0,025;0;dt_tel_pla;straight
PL08_side-Pa_I_RAB_31_side;PL08_side;Pa_I_RAB_31_side;130;130;0,023;0;dt_tel_pla;straight
Pa_I_RAB_31_side-RAB_side;Pa_I_RAB_31_side;RAB_side;130;130;0,029;0;dt_tel_pla;straight
RAB_side-Pa_RAB_32_side;RAB_side;Pa_RAB_32_side;130;130;0,119;0,42;dt_tel_pla;straight
Pa_RAB_32_side-Pr_E_RAB_02_side;Pa_RAB_32_side;Pr_E_RAB_02_side;130;130;0,15;2,87;dt_tel_pla;straight
Pr_E_RAB_02_side-HD_302_02_side;Pr_E_RAB_02_side;HD_302_02_side;130;130;1;2,87;dt_tel_pla;straight
HD_302_02_side-Pr_E_PLA_01_side;HD_302_02_side;Pr_E_PLA_01_side;130;130;0,763;2,87;dt_tel_pla;straight
Pr_E_PLA_01_side-Dev_01_PLA_side;Pr_E_PLA_01_side;Dev_01_PLA_side;130;130;0,1;2,87;dt_pla_nat;straight
Pr_E_PLA_01_side-Dev_01_PLA;Pr_E_PLA_01_side;Dev_01_PLA;130;130;0,1;2,87;dt_tel_pla;connecting
Dev_01_PLA_side-Pa_PLA_31_side;Dev_01_PLA_side;Pa_PLA_31_side;130;130;0,05;2,87;dt_pla_nat;straight
Pa_PLA_31_side-PLA_side;Pa_PLA_31_side;PLA_side;130;130;0,11;0,27;dt_pla_nat;straight
PLA_side-Pa_PLA_32_side;PLA_side;Pa_PLA_32_side;130;130;0,038;0;dt_pla_nat;straight
Pa_PLA_32_side-PL09_side;Pa_PLA_32_side;PL09_side;130;130;0,024;0;dt_pla_nat;straight
PL09_side-Pr_I_PLA_52_side;PL09_side;Pr_I_PLA_52_side;130;130;0,025;0;dt_pla_nat;straight
Pr_I_PLA_52_side-Pr_E_PLA_02_side;Pr_I_PLA_52_side;Pr_E_PLA_02_side;130;130;0,1;3,7;dt_pla_nat;straight
Pr_E_PLA_02_side-HD_303_02_side;Pr_E_PLA_02_side;HD_303_02_side;130;130;1;4,21;dt_pla_nat;straight
HD_303_02_side-HD_303_04_side;HD_303_02_side;HD_303_04_side;130;130;1;4,21;dt_pla_nat;straight
HD_303_04_side-km48500_side;HD_303_04_side;km48500_side;130;130;0,839;4,22;dt_pla_nat;straight
km48500_side-Pr_E_NAT_01_side;km48500_side;Pr_E_NAT_01_side;70;70;0,041;4,15;dt_pla_nat;straight
Pr_E_NAT_01_side-Pr_I_NAT_51_side;Pr_E_NAT_01_side;Pr_I_NAT_51_side;70;70;0,09;4,22;dt_pla_nat;straight
Pr_I_NAT_51_side-PL10_side;Pr_I_NAT_51_side;PL10_side;70;70;0,03;4;dt_pla_nat;straight
PL10_side-Pa_NAT_31_side;PL10_side;Pa_NAT_31_side;70;70;0,03;0;dt_pla_nat;straight
Pa_NAT_31_side-NAT_side;Pa_NAT_31_side;NAT_side;70;70;0,069;0;dt_pla_nat;straight
NAT_side-Pa_NAT_32_side;NAT_side;Pa_NAT_32_side;70;70;0,092;0;dt_nat_natkomp;straight
Pa_NAT_32_side-Pr_E_NAT_02_side;Pa_NAT_32_side;Pr_E_NAT_02_side;70;70;0,149;5,64;dt_nat_natkomp;straight
Pr_E_NAT_02_side-Pr_E_PL11_01_side;Pr_E_NAT_02_side;Pr_E_PL11_01_side;70;70;0,587;5,96;dt_nat_natkomp;straight
Pr_E_PL11_01_side-Pr_I_PL11_51_side;Pr_E_PL11_01_side;Pr_I_PL11_51_side;70;70;0,101;5,94;dt_nat_natkomp;straight
Pr_I_PL11_51_side-PL11_side;Pr_I_PL11_51_side;PL11_side;70;70;0,026;6,15;dt_nat_natkomp;straight
PL11_side-Pr_I_PL11_52_side;PL11_side;Pr_I_PL11_52_side;70;70;0,023;6,09;dt_nat_natkomp;straight
Pr_I_PL11_52_side-Dev_PL11_02_side;Pr_I_PL11_52_side;Dev_PL11_02_side;70;70;0,023;6,09;dt_nat_natkomp;straight
Dev_PL11_02_side-Pr_E_PL11_02_side;Dev_PL11_02_side;Pr_E_PL11_02_side;70;70;0,023;6,09;dt_nat_natkomp;straight
Dev_PL11_02-Pr_E_PL11_02_side;Dev_PL11_02;Pr_E_PL11_02_side;70;70;0,023;6,09;dt_natkomp_sta;straight
Pr_E_PL11_02_side-SblNatKomp_side;Pr_E_PL11_02_side;SblNatKomp_side;70;70;0,041;8,29;dt_natkomp_sta;straight
SblNatKomp_side-Pr_E_STA_01_side;SblNatKomp_side;Pr_E_STA_01_side;70;70;0,834;12,89;dt_natkomp_sta;straight
Pr_E_STA_01_side-Pa_E_STA_61_side;Pr_E_STA_01_side;Pa_E_STA_61_side;70;70;0,15;12,87;dt_natkomp_sta;straight
Pa_E_STA_61_side-Pr_I_STA_51_side;Pa_E_STA_61_side;Pr_I_STA_51_side;70;70;0,142;12,89;dt_natkomp_sta;straight
Pr_I_STA_51_side-Dev_STA_01_side;Pr_I_STA_51_side;Dev_STA_01_side;70;70;0,05;6,2;dt_natkomp_sta;straight
Dev_STA_01_side-Pa_I_STA_31_side;Dev_STA_01_side;Pa_I_STA_31_side;70;70;0,11;0;dt_natkomp_sta;straight
Dev_STA_01-Pa_I_STA_31_side;Dev_STA_01;Pa_I_STA_31_side;70;70;0,11;0;connecting;connecting
Pa_I_STA_31_side-STA_side;Pa_I_STA_31_side;STA_side;70;70;0,114;0;existing;straight
STA_side-Pa_I_STA_32_side;STA_side;Pa_I_STA_32_side;70;70;0,066;0;existing;straight
Pa_I_STA_32_side-Dev_STA_02_side;Pa_I_STA_32_side;Dev_STA_02_side;70;70;0,086;0;side;straight
Pa_I_STA_32_side-Dev_STA_02;Pa_I_STA_32_side;Dev_STA_02;70;70;0,086;0;existing;connecting
Dev_STA_02_side-Pr_I_STA_52_side;Dev_STA_02_side;Pr_I_STA_52_side;70;70;0,05;0;side;straight
Pr_I_STA_52_side-Pa_E_STA_62_side;Pr_I_STA_52_side;Pa_E_STA_62_side;70;70;0,276;0;side;straight
Pa_E_STA_62_side-PL12_side;Pa_E_STA_62_side;PL12_side;70;70;0,023;0;side;straight
PL12_side-Pr_I_STA_72_side;PL12_side;Pr_I_STA_72_side;70;70;0,027;0;side;straight
Pr_I_STA_72_side-Pr_E_STA_02_side;Pr_I_STA_72_side;Pr_E_STA_02_side;70;70;0,101;0,89;side;straight
Pr_E_STA_02_side-km52000_side;Pr_E_STA_02_side;km52000_side;70;70;0,091;3,3;side;straight
km52000_side-Dev_PL13_01_side;km52000_side;Dev_PL13_01_side;130;130;0,912;3,28;side;straight
Dev_PL13_01_side-Pr_E_PL13_01_side;Dev_PL13_01_side;Pr_E_PL13_01_side;130;130;0,05;3,28;side;straight
Dev_PL13_01-Pr_E_PL13_01_side;Dev_PL13_01;Pr_E_PL13_01_side;130;130;0,05;3,28;dt_sta_cia;connecting
Pr_E_PL13_01_side-SblStab21529_side;Pr_E_PL13_01_side;SblStab21529_side;130;130;0,05;3,4;dt_sta_cia;straight
SblStab21529_side-Pr_I_PL13_51_side;SblStab21529_side;Pr_I_PL13_51_side;130;130;0,053;3,21;dt_sta_cia;straight
Pr_I_PL13_51_side-PL13_side;Pr_I_PL13_51_side;PL13_side;130;130;0,024;3,33;dt_sta_cia;straight
PL13_side-Pr_I_PL13_52_side;PL13_side;Pr_I_PL13_52_side;130;130;0,024;3,33;dt_sta_cia;straight
Pr_I_PL13_52_side-Pr_E_PL13_02_side;Pr_I_PL13_52_side;Pr_E_PL13_02_side;130;130;0,103;3,3;dt_sta_cia;straight
Pr_E_PL13_02_side-Pr_E_CIA_01_side;Pr_E_PL13_02_side;Pr_E_CIA_01_side;130;130;0,574;3,28;dt_sta_cia;straight
Pr_E_CIA_01_side-Pa_CIA_31_side;Pr_E_CIA_01_side;Pa_CIA_31_side;130;130;0,15;3,27;dt_sta_cia;straight
Pa_CIA_31_side-CIA_side;Pa_CIA_31_side;CIA_side;130;130;0,121;1,98;dt_sta_cia;straight
CIA_side-Pa_CIA_32_side;CIA_side;Pa_CIA_32_side;130;130;0,027;0;dt_sta_cia, dt_cia_cab;straight
Pa_CIA_32_side-PL14_side;Pa_CIA_32_side;PL14_side;130;130;0,024;0;dt_sta_cia, dt_cia_cab;straight
PL14_side-Pr_I_CIA_62_side;PL14_side;Pr_I_CIA_62_side;130;130;0,024;0;dt_sta_cia, dt_cia_cab;straight
Pr_I_CIA_62_side-Pr_E_CIA_02_side;Pr_I_CIA_62_side;Pr_E_CIA_02_side;130;130;0,103;2,04;dt_sta_cia, dt_cia_cab;straight
Pr_E_CIA_02_side-HD_403_02_side;Pr_E_CIA_02_side;HD_403_02_side;130;130;1;7,87;dt_sta_cia, dt_cia_cab;straight
HD_403_02_side-km55900_side;HD_403_02_side;km55900_side;130;130;0,661;7,87;dt_sta_cia, dt_cia_cab;straight
km55900_side-SblStab24529_side;km55900_side;SblStab24529_side;120;120;0,112;7,86;dt_sta_cia, dt_cia_cab;straight
SblStab24529_side-Pr_E_PL15_01_side;SblStab24529_side;Pr_E_PL15_01_side;120;120;0,096;7,92;dt_sta_cia, dt_cia_cab;straight
Pr_E_PL15_01_side-Dev_PL15_01_side;Pr_E_PL15_01_side;Dev_PL15_01_side;120;120;0,1;7,88;dt_cia_cab;straight
Pr_E_PL15_01_side-Dev_PL15_01;Pr_E_PL15_01_side;Dev_PL15_01;120;120;0,1;7,88;dt_sta_cia, dt_cia_cab;straight
Dev_PL15_01_side-Pr_I_PL15_51_side;Dev_PL15_01_side;Pr_I_PL15_51_side;120;120;0,004;7,88;dt_cia_cab;straight
Pr_I_PL15_51_side-PL15_side;Pr_I_PL15_51_side;PL15_side;120;120;0,023;7,83;dt_cia_cab;straight
PL15_side-Pr_I_PL15_52_side;PL15_side;Pr_I_PL15_52_side;120;120;0,023;7,83;dt_cia_cab;straight
Pr_I_PL15_52_side-Pr_E_PL15_02_side;Pr_I_PL15_52_side;Pr_E_PL15_02_side;120;120;0,104;7,88;dt_cia_cab;straight
Pr_E_PL15_02_side-km57000_side;Pr_E_PL15_02_side;km57000_side;120;120;0,638;7,87;dt_cia_cab;straight
km57000_side-Pr_E_CAB_01_side;km57000_side;Pr_E_CAB_01_side;65;65;0,352;7,87;dt_cia_cab;straight
Pr_E_CAB_01_side-Pr_I_CAB_71_side;Pr_E_CAB_01_side;Pr_I_CAB_71_side;65;65;0,099;7,88;dt_cia_cab;straight
Pr_I_CAB_71_side-PL16_side;Pr_I_CAB_71_side;PL16_side;65;65;0,027;7,78;dt_cia_cab;straight
PL16_side-Pa_E_CAB_61_side;PL16_side;Pa_E_CAB_61_side;65;65;0,024;7,92;dt_cia_cab;straight
Pa_E_CAB_61_side-Pr_I_CAB_51_side;Pa_E_CAB_61_side;Pr_I_CAB_51_side;65;65;0,043;2,56;dt_cia_cab;straight
Pr_I_CAB_51_side-PL17_side;Pr_I_CAB_51_side;PL17_side;65;65;0,025;0;dt_cia_cab;straight
PL17_side-Pa_I_CAB_31_side;PL17_side;Pa_I_CAB_31_side;65;65;0,025;0;dt_cia_cab;straight
Pa_I_CAB_31_side-CAB_side;Pa_I_CAB_31_side;CAB_side;65;65;0,021;0;dt_cia_cab;straight
CAB_side-Pa_CAB_32_side;CAB_side;Pa_CAB_32_side;65;65;0,129;3,88;dt_cia_cab;straight
Pa_CAB_32_side-Pr_E_CAB_02_side;Pa_CAB_32_side;Pr_E_CAB_02_side;65;65;0,15;17,13;dt_cab_lac;straight
Pr_E_CAB_02_side-HD_405_02_side;Pr_E_CAB_02_side;HD_405_02_side;65;65;1082;17,18;dt_cab_lac;straight
HD_405_02_side-km60000_side;HD_405_02_side;km60000_side;65;65;1023;17,17;dt_cab_lac;straight
km60000_side-Pr_E_LAC_01_side;km60000_side;Pr_E_LAC_01_side;70;70;0,141;17,16;dt_cab_lac;straight
Pr_E_LAC_01_side-PL18_side;Pr_E_LAC_01_side;PL18_side;70;70;0,124;17,18;dt_cab_lac;straight
PL18_side-Pr_I_LAC_71_side;PL18_side;Pr_I_LAC_71_side;70;70;0,002;20;dt_cab_lac;straight
Pr_I_LAC_71_side-Pa_E_LAC_61_side;Pr_I_LAC_71_side;Pa_E_LAC_61_side;70;70;0,024;17,08;dt_cab_lac;straight
Pa_E_LAC_61_side-Pr_I_LAC_51_side;Pa_E_LAC_61_side;Pr_I_LAC_51_side;70;70;0,225;7,87;dt_cab_lac;straight
Pr_I_LAC_51_side-Dev_LAC_01_side;Pr_I_LAC_51_side;Dev_LAC_01_side;70;70;0,05;0;dt_cab_lac;straight
Dev_LAC_01_side-Pa_I_LAC_31_side;Dev_LAC_01_side;Pa_I_LAC_31_side;70;70;0,118;0;dt_cab_lac;straight
Dev_LAC_01-Pa_I_LAC_31_side;Dev_LAC_01;Pa_I_LAC_31_side;70;70;0,118;0;existing;connecting
Pa_I_LAC_31_side-LAC_side;Pa_I_LAC_31_side;LAC_side;70;70;0,06;0;existing;straight
LAC_side-Pa_I_LAC_32_side;LAC_side;Pa_I_LAC_32_side;70;70;0,103;0;existing;straight
Pa_I_LAC_32_side-Dev_LAC_02_side;Pa_I_LAC_32_side;Dev_LAC_02_side;70;70;0,116;6,29;dt_lac_cold;straight
Pa_I_LAC_32_side-Dev_LAC_02;Pa_I_LAC_32_side;Dev_LAC_02;70;70;0,116;6,29;existing;connecting
Dev_LAC_02_side-Pr_I_LAC_52_side;Dev_LAC_02_side;Pr_I_LAC_52_side;70;70;0,05;10,6;dt_lac_cold;straight
Pr_I_LAC_52_side-Pa_E_LAC_62_side;Pr_I_LAC_52_side;Pa_E_LAC_62_side;70;70;0,48;10,54;dt_lac_cold;straight
Pa_E_LAC_62_side-PL19_side;Pa_E_LAC_62_side;PL19_side;70;70;0,021;10,48;dt_lac_cold;straight
PL19_side-Pr_I_LAC_72_side;PL19_side;Pr_I_LAC_72_side;70;70;0,024;10,83;dt_lac_cold;straight
Pr_I_LAC_72_side-Pr_E_LAC_02_side;Pr_I_LAC_72_side;Pr_E_LAC_02_side;70;70;0,105;10,48;dt_lac_cold;straight
Pr_E_LAC_02_side-SblLac31026_side;Pr_E_LAC_02_side;SblLac31026_side;70;70;0,866;10,55;dt_lac_cold;straight
SblLac31026_side-HD_501_02_side;SblLac31026_side;HD_501_02_side;70;70;0,134;10,6;dt_lac_cold;straight
HD_501_02_side-Pr_E_COLD_01_side;HD_501_02_side;Pr_E_COLD_01_side;70;70;0,854;10,55;dt_lac_cold;straight
Pr_E_COLD_01_side-Pr_I_COLD_91_side;Pr_E_COLD_01_side;Pr_I_COLD_91_side;70;70;0,07;10,57;dt_lac_cold;straight
Pr_I_COLD_91_side-PL20_side;Pr_I_COLD_91_side;PL20_side;70;70;0,026;10,38;dt_lac_cold;straight
PL20_side-Pa_COLD_31_side;PL20_side;Pa_COLD_31_side;70;70;0,026;10,38;dt_lac_cold;straight
Pa_COLD_31_side-Dev_COLD_01_side;Pa_COLD_31_side;Dev_COLD_01_side;70;70;0,064;5,76;side;straight
Dev_COLD_01_side-COLD_side;Dev_COLD_01_side;COLD_side;70;70;0,153;5,76;side;straight
Dev_COLD_01-COLD_side;Dev_COLD_01;COLD_side;70;70;0,153;5,76;dt_cold_sblLac;straight
COLD_side-Pa_I_COLD_71_side;COLD_side;Pa_I_COLD_71_side;70;70;0,52;13,29;dt_cold_sblLac;straight
Pa_I_COLD_71_side-PL21_side;Pa_I_COLD_71_side;PL21_side;70;70;0,028;16,43;dt_cold_sblLac;straight
PL21_side-Pr_I_COLD_52_side;PL21_side;Pr_I_COLD_52_side;70;70;0,03;16,67;dt_cold_sblLac;straight
Pr_I_COLD_52_side-Pa_E_COLD_51_side;Pr_I_COLD_52_side;Pa_E_COLD_51_side;70;70;0,325;16,49;dt_cold_sblLac;straight
Pa_E_COLD_51_side-PL22_side;Pa_E_COLD_51_side;PL22_side;70;70;0,023;16,52;dt_cold_sblLac;straight
PL22_side-Pr_I_COLD_72_side;PL22_side;Pr_I_COLD_72_side;70;70;0,023;16,09;dt_cold_sblLac;straight
Pr_I_COLD_72_side-Pr_E_COLD_02_side;Pr_I_COLD_72_side;Pr_E_COLD_02_side;70;70;0,104;16,54;dt_cold_sblLac;straight
Pr_E_COLD_02_side-Pr_E_PL23_01_side;Pr_E_COLD_02_side;Pr_E_PL23_01_side;70;70;0,95;16,49;dt_cold_sblLac;straight
Pr_E_PL23_01_side-Pr_I_PL23_51_side;Pr_E_PL23_01_side;Pr_I_PL23_51_side;70;70;0,103;16,41;dt_cold_sblLac;straight
Pr_I_PL23_51_side-PL23_side;Pr_I_PL23_51_side;PL23_side;70;70;0,024;16,67;dt_cold_sblLac;straight
PL23_side-Pr_I_PL23_52_side;PL23_side;Pr_I_PL23_52_side;70;70;0,024;16,67;dt_cold_sblLac;straight
Pr_I_PL23_52_side-Pr_E_PL23_02_side;Pr_I_PL23_52_side;Pr_E_PL23_02_side;70;70;0,102;16,47;dt_cold_sblLac;straight
Pr_E_PL23_02_side-SblLac35026_side;Pr_E_PL23_02_side;SblLac35026_side;70;70;0,417;16,5;dt_cold_sblLac;straight
SblLac35026_side-Pr_E_PL24_01_side;SblLac35026_side;Pr_E_PL24_01_side;70;70;0,014;16,43;dt_cold_sblLac;straight
Pr_E_PL24_01_side-Dev_PL24_01_side;Pr_E_PL24_01_side;Dev_PL24_01_side;70;70;0,054;16,44;dt_sblLac_sil;straight
Pr_E_PL24_01_side-Dev_PL24_01;Pr_E_PL24_01_side;Dev_PL24_01;70;70;0,054;16,44;dt_cold_sblLac;connecting
Dev_PL24_01_side-Pr_I_PL24_51_side;Dev_PL24_01_side;Pr_I_PL24_51_side;70;70;0,05;16,44;dt_sblLac_sil;straight
Pr_I_PL24_51_side-PL24_side;Pr_I_PL24_51_side;PL24_side;70;70;0,023;16,52;dt_sblLac_sil;straight
PL24_side-Pr_I_PL24_52_side;PL24_side;Pr_I_PL24_52_side;70;70;0,024;16,67;dt_sblLac_sil;straight
Pr_I_PL24_52_side-Pr_E_PL24_02_side;Pr_I_PL24_52_side;Pr_E_PL24_02_side;70;70;0,103;16,41;dt_sblLac_sil;straight
Pr_E_PL24_02_side-HD_504_02_side;Pr_E_PL24_02_side;HD_504_02_side;70;70;1;16,5;dt_sblLac_sil;straight
HD_504_02_side-Pr_E_SIL_01_side;HD_504_02_side;Pr_E_SIL_01_side;70;70;0,533;16,49;dt_sblLac_sil;straight
Pr_E_SIL_01_side-PL25_side;Pr_E_SIL_01_side;PL25_side;70;70;0,116;16,47;dt_sblLac_sil;straight
PL25_side-Pr_I_SIL_91_side;PL25_side;Pr_I_SIL_91_side;70;70;0,014;16,43;dt_sblLac_sil;straight
Pr_I_SIL_91_side-Pa_E_SIL_81_side;Pr_I_SIL_91_side;Pa_E_SIL_81_side;70;70;0,024;16,67;dt_sblLac_sil;straight
Pa_E_SIL_81_side-km68500_side;Pa_E_SIL_81_side;km68500_side;70;70;0,036;16,39;dt_sblLac_sil;straight
km68500_side-km68650_side;km68500_side;km68650_side;60;60;0,15;16,47;dt_sblLac_sil;straight
km68650_side-IG_GEO_side;km68650_side;IG_GEO_side;70;70;0,212;16,51;dt_sblLac_sil;straight
IG_GEO_side-Pr_I_SIL_71_side;IG_GEO_side;Pr_I_SIL_71_side;70;70;0,094;5,43;dt_sblLac_sil;straight
Pr_I_SIL_71_side-SG_GEO_side;Pr_I_SIL_71_side;SG_GEO_side;70;70;0,048;3,96;dt_sblLac_sil;straight
SG_GEO_side-Dev_SIL_05_side;SG_GEO_side;Dev_SIL_05_side;70;70;0,051;1,57;dt_sblLac_sil;straight
Dev_SIL_05_side-Pa_I_SIL_31_side;Dev_SIL_05_side;Pa_I_SIL_31_side;70;70;0,11;0;dt_sblLac_sil;straight
Dev_SIL_05-Pa_I_SIL_31_side;Dev_SIL_05;Pa_I_SIL_31_side;70;70;0,11;0;existing;connecting
Pa_I_SIL_31_side-SIL_side;Pa_I_SIL_31_side;SIL_side;70;70;0,11;0;existing;straight
SIL_side-Pa_I_SIL_32_side;SIL_side;Pa_I_SIL_32_side;70;70;0,068;0;existing;straight
Pa_I_SIL_32_side-Dev_SIL_02_side;Pa_I_SIL_32_side;Dev_SIL_02_side;70;70;0,079;0;side;straight
Pa_I_SIL_32_side-Dev_SIL_02;Pa_I_SIL_32_side;Dev_SIL_02;70;70;0,079;0;existing;connecting
Dev_SIL_02_side-Pr_I_SIL_52_side;Dev_SIL_02_side;Pr_I_SIL_52_side;70;70;0,05;0;side;straight
Pr_I_SIL_52_side-Pa_E_SIL_62_side;Pr_I_SIL_52_side;Pa_E_SIL_62_side;70;70;0,14;16,71;side;straight
Pa_E_SIL_62_side-Pr_E_SIL_02_side;Pa_E_SIL_62_side;Pr_E_SIL_02_side;70;70;0,15;26,93;side;straight
Pr_E_SIL_02_side-km70200_side;Pr_E_SIL_02_side;km70200_side;100;100;0,438;26,94;dt_70200_lasa;straight
km70200_side-HD_601_02_side;km70200_side;HD_601_02_side;100;100;0,562;26,92;dt_70200_lasa;straight
HD_601_02_side-HD_601_04_side;HD_601_02_side;HD_601_04_side;100;100;1;26,93;dt_70200_lasa;straight
HD_601_04_side-HD_601_06_side;HD_601_04_side;HD_601_06_side;100;100;1;26,93;dt_70200_lasa;straight
HD_601_06_side-HD_601_08_side;HD_601_06_side;HD_601_08_side;100;100;1;26,93;dt_70200_lasa;straight
HD_601_08_side-HD_601_10_side;HD_601_08_side;HD_601_10_side;100;100;1;6,61;dt_70200_lasa;straight
HD_601_10_side-km75800_side;HD_601_10_side;km75800_side;100;100;1038;0,9;dt_70200_lasa;straight
km75800_side-Pr_E_LASA_01_side;km75800_side;Pr_E_LASA_01_side;70;70;0,07;1;dt_70200_lasa;straight
Pr_E_LASA_01_side-Pr_I_LASA_91_side;Pr_E_LASA_01_side;Pr_I_LASA_91_side;70;70;0,101;0,89;dt_70200_lasa;straight
Pr_I_LASA_91_side-PL27_side;Pr_I_LASA_91_side;PL27_side;70;70;0,025;0,8;dt_70200_lasa;straight
PL27_side-Pa_E_LASA_81_side;PL27_side;Pa_E_LASA_81_side;70;70;0,025;0,8;dt_70200_lasa;straight
Pa_E_LASA_81_side-Pr_I_LASA_71_side;Pa_E_LASA_81_side;Pr_I_LASA_71_side;70;70;0,186;0,86;dt_70200_lasa;straight
Pr_I_LASA_71_side-PL28_side;Pr_I_LASA_71_side;PL28_side;70;70;0,028;0;dt_70200_lasa;straight
PL28_side-Pa_I_LASA_61_side;PL28_side;Pa_I_LASA_61_side;70;70;0,023;0;dt_70200_lasa;straight
Pa_I_LASA_61_side-Pr_I_LASA_51_side;Pa_I_LASA_61_side;Pr_I_LASA_51_side;70;70;0,034;0;dt_70200_lasa;straight
Pr_I_LASA_51_side-Dev_LASA_01_side;Pr_I_LASA_51_side;Dev_LASA_01_side;70;70;0,02;0;dt_70200_lasa;straight
Dev_LASA_01_side-Pa_I_LASA_31_side;Dev_LASA_01_side;Pa_I_LASA_31_side;70;70;0,116;0;dt_70200_lasa;straight
Dev_LASA_01-Pa_I_LASA_31_side;Dev_LASA_01;Pa_I_LASA_31_side;70;70;0,116;0;existing;connecting
Pa_I_LASA_31_side-LASA_side;Pa_I_LASA_31_side;LASA_side;70;70;0,017;0;existing;straight
LASA_side-Pa_I_LASA_32_side;LASA_side;Pa_I_LASA_32_side;70;70;0,14;0;existing;straight
Pa_I_LASA_32_side-Dev_LASA_02_side;Pa_I_LASA_32_side;Dev_LASA_02_side;70;70;0,086;0;dt_lasa_oris;straight
Pa_I_LASA_32_side-Dev_LASA_02;Pa_I_LASA_32_side;Dev_LASA_02;70;70;0,086;0;connecting;connecting
Dev_LASA_02_side-Pr_I_LASA_52_side;Dev_LASA_02_side;Pr_I_LASA_52_side;100;100;0,05;1,2;dt_lasa_oris;straight
Pr_I_LASA_52_side-Pa_I_LASA_62_side;Pr_I_LASA_52_side;Pa_I_LASA_62_side;100;100;0,071;2,11;dt_lasa_oris;straight
Pa_I_LASA_62_side-PL29_side;Pa_I_LASA_62_side;PL29_side;100;100;0,026;2,31;dt_lasa_oris;straight
PL29_side-Pr_I_LASA_72_side;PL29_side;Pr_I_LASA_72_side;100;100;0,047;2,13;dt_lasa_oris;straight
Pr_I_LASA_72_side-Pa_E_LASA_82_side;Pr_I_LASA_72_side;Pa_E_LASA_82_side;100;100;0,117;2,14;dt_lasa_oris;straight
Pa_E_LASA_82_side-Pr_E_LASA_02_side;Pa_E_LASA_82_side;Pr_E_LASA_02_side;100;100;0,151;2,12;dt_lasa_oris;straight
Pr_E_LASA_02_side-HD_701_01_side;Pr_E_LASA_02_side;HD_701_01_side;100;100;1;2,16;dt_lasa_oris;straight
HD_701_01_side-SblLasa46915_side;HD_701_01_side;SblLasa46915_side;100;100;0,265;2,15;dt_lasa_oris;straight
SblLasa46915_side-HD_701_03_side;SblLasa46915_side;HD_701_03_side;100;100;0,735;2,16;dt_lasa_oris;straight
HD_701_03_side-Pr_E_ORIS_01_side;HD_701_03_side;Pr_E_ORIS_01_side;100;100;1198;2,15;dt_lasa_oris;straight
Pr_E_ORIS_01_side-Dev_ORIS_01;Pr_E_ORIS_01_side;Dev_ORIS_01;100;100;1198;2,15;dt_lasa_oris;connecting
Pr_E_ORIS_01_side-Dev_ORIS_01_side;Pr_E_ORIS_01_side;Dev_ORIS_01_side;100;100;0,071;1,58;side;straight
Dev_ORIS_01_side-Pr_I_ORIS_71_side;Dev_ORIS_01_side;Pr_I_ORIS_71_side;100;100;0,03;1,58;side;straight
Pr_I_ORIS_71_side-PL30_side;Pr_I_ORIS_71_side;PL30_side;100;100;0,024;0;side;straight
PL30_side-Pa_ORIS_31_side;PL30_side;Pa_ORIS_31_side;100;100;0,025;0;side;straight
Pa_ORIS_31_side-ORIS_side;Pa_ORIS_31_side;ORIS_side;100;100;0,022;0;side;straight
ORIS_side-Pa_ORIS_32_side;ORIS_side;Pa_ORIS_32_side;100;100;0,127;0,94;side;straight
Pa_ORIS_32_side-Pr_E_ORIS_02_side;Pa_ORIS_32_side;Pr_E_ORIS_02_side;100;100;0,15;4,4;side;straight
Pa_ORIS_32-Pr_E_ORIS_02_side;Pa_ORIS_32;Pr_E_ORIS_02_side;100;100;0,15;4,4;dt_oris_spon;connecting
Pr_E_ORIS_02_side-HD_702_02_side;Pr_E_ORIS_02_side;HD_702_02_side;100;100;1;4,4;dt_oris_spon;straight
HD_702_02_side-Pr_E_SPON_01_side;HD_702_02_side;Pr_E_SPON_01_side;100;100;0,982;4,41;dt_oris_spon;straight
Pr_E_SPON_01_side-Pa_E_SPON_81_side;Pr_E_SPON_01_side;Pa_E_SPON_81_side;100;100;0,172;4,36;dt_oris_spon;straight
Pa_E_SPON_81_side-Pr_I_SPON_71_side;Pa_E_SPON_81_side;Pr_I_SPON_71_side;100;100;0,169;4,38;dt_oris_spon;straight
Pr_I_SPON_71_side-PL31_side;Pr_I_SPON_71_side;PL31_side;100;100;0,024;0;dt_oris_spon;straight
PL31_side-Pr_I_SPON_51_side;PL31_side;Pr_I_SPON_51_side;100;100;0,008;0;dt_oris_spon;straight
Pr_I_SPON_51_side-Pa_I_SPON_61_side;Pr_I_SPON_51_side;Pa_I_SPON_61_side;100;100;0,016;0;dt_oris_spon;straight
Pa_I_SPON_61_side-Dev_SPON_01_side;Pa_I_SPON_61_side;Dev_SPON_01_side;100;100;0,004;0;dt_oris_spon;straight
Dev_SPON_01_side-Pa_I_SPON_31_side;Dev_SPON_01_side;Pa_I_SPON_31_side;100;100;0,117;0;dt_oris_spon;straight
Dev_SPON_01-Pa_I_SPON_31_side;Dev_SPON_01;Pa_I_SPON_31_side;100;100;0,117;0;existing;connecting
Pa_I_SPON_31_side-SPON_side;Pa_I_SPON_31_side;SPON_side;100;100;0,078;0;existing;straight
SPON_side-Pa_I_SPON_32_side;SPON_side;Pa_I_SPON_32_side;100;100;0,119;0;existing;straight
Pa_I_SPON_32_side-Dev_SPON_02_side;Pa_I_SPON_32_side;Dev_SPON_02_side;100;100;0,075;0;dt_spon_slu;straight
Pa_I_SPON_32_side-Dev_SPON_02;Pa_I_SPON_32_side;Dev_SPON_02;100;100;0,075;0;existing;straight
Dev_SPON_02_side-Pr_I_SPON_52_side;Dev_SPON_02_side;Pr_I_SPON_52_side;100;100;0,05;0;dt_spon_slu;straight
Pr_I_SPON_52_side-Pa_E_SPON_62_side;Pr_I_SPON_52_side;Pa_E_SPON_62_side;100;100;0,318;0,35;dt_spon_slu;straight
Pa_E_SPON_62_side-PL32_side;Pa_E_SPON_62_side;PL32_side;100;100;0,025;0,4;dt_spon_slu;straight
PL32_side-Pr_I_SPON_72_side;PL32_side;Pr_I_SPON_72_side;100;100;0,026;0,38;dt_spon_slu;straight
Pr_I_SPON_72_side-Pr_E_SPON_02_side;Pr_I_SPON_72_side;Pr_E_SPON_02_side;100;100;0,1;2,9;dt_spon_slu;straight
Pr_E_SPON_02_side-HD_801_02_side;Pr_E_SPON_02_side;HD_801_02_side;100;100;1;9,4;dt_spon_slu;straight
HD_801_02_side-HD_801_04_side;HD_801_02_side;HD_801_04_side;100;100;1;9,4;dt_spon_slu;straight
HD_801_04_side-SblSpon54860_side;HD_801_04_side;SblSpon54860_side;100;100;0,28;9,39;dt_spon_slu;straight
SblSpon54860_side-km86800_side;SblSpon54860_side;km86800_side;100;100;0,457;9,41;dt_spon_slu;straight
km86800_side-HD_801_06_side;km86800_side;HD_801_06_side;70;70;0,263;9,39;dt_spon_slu;straight
HD_801_06_side-HD_801_07_side;HD_801_06_side;HD_801_07_side;70;70;0,447;9,4;dt_spon_slu;straight
HD_801_07_side-SLU_side;HD_801_07_side;SLU_side;70;70;0,119;1,51;dt_spon_slu;straight
HD_801_07-SLU_side;HD_801_07;SLU_side;70;70;0,119;1,51;dt_slu_mal;connecting
SLU_side-HD_801_08_side;SLU_side;HD_801_08_side;65;65;0,251;14,14;dt_slu_mal;straight
HD_801_08_side-HD_801_10_side;HD_801_08_side;HD_801_10_side;65;65;0,832;23,53;dt_slu_mal;straight
HD_801_10_side-HD_801_12_side;HD_801_10_side;HD_801_12_side;65;65;1;23,54;dt_slu_mal;straight
HD_801_12_side-SblSpon58860_side;HD_801_12_side;SblSpon58860_side;65;65;0,631;23,53;dt_slu_mal;straight
SblSpon58860_side-Pr_E_MAL_01_side;SblSpon58860_side;Pr_E_MAL_01_side;65;65;0,243;23,5;dt_slu_mal;straight
Pr_E_MAL_01_side-Pa_E_MAL_61_side;Pr_E_MAL_01_side;Pa_E_MAL_61_side;65;65;0,151;23,58;dt_slu_mal;straight
Pa_E_MAL_61_side-Pr_I_MAL_51_side;Pa_E_MAL_61_side;Pr_I_MAL_51_side;65;65;0,261;23,52;dt_slu_mal;straight
Pr_I_MAL_51_side-Dev_MAL_05_side;Pr_I_MAL_51_side;Dev_MAL_05_side;65;65;0,118;17,54;dt_slu_mal;straight
Dev_MAL_05-Pa_I_MAL_31d_side;Dev_MAL_05;Pa_I_MAL_31d_side;65;65;0,088;0;existing;straight
Dev_MAL_05_side-Pa_I_MAL_31d_side;Dev_MAL_05_side;Pa_I_MAL_31d_side;65;65;0,088;0;dt_slu_mal;straight
Pa_I_MAL_31d_side-MAL_side;Pa_I_MAL_31d_side;MAL_side;65;65;0,132;0;existing;straight
